<?xml version="1.0" encoding="utf-8"?>
<odoo>
    <data>

        <record model="ir.module.category" id="module_adspire_simplified_genetics">
            <field name="name">Sale Commision</field> 
            <field name="description">Helps you manage Sale Commision.</field> 
            <field name="sequence">7</field>
        </record>

        <record id="adspire_simplified_genetics_sale_comm_view" model="res.groups">
            <field name="name">Allow</field> 
            <field name="category_id" ref="module_adspire_simplified_genetics"/> 
            <field name="comment">The user will be able to Access Sale Commision.</field>
        </record>

    </data>
</odoo>